"compound","formula","mass","M+H","M+Na","M+K","M+DHB","M-H","M+Cl"
"Mannobiose","C12H22O11",342.1162117,343.123486735,365.1054,381.0794,479.1395,341.1089,377.0856
"Mannotriose","C18H32O16",504.1690352,505.176310235,527.1583,543.1322,641.1924,503.1618,539.1384
"Mannotetraose","C24H42O21",666.2218587,667.229133735,689.2111,705.185,803.2452,665.2146,701.1913
"Mannopentaose","C30H52O26",828.2746822,829.281957235,851.2639,867.2378,965.298,827.2674,863.2441
"Mannohexaose","C36H62O31",990.3275057,991.334780735,1013.3167,1029.2907,1127.3508,989.3202,1025.2969
