"ID","compound","formula","mass","M+H","M+Na","M+K","M+DHB","M-H","M+Cl"
"C08627","Hopane-29-acetate","C32H54O2",470.41238115,471.4197,493.4016,509.3755,607.4357,469.4051,505.3818
"C21117","Adenosylhopane","C40H63N5O3",661.493091105,662.5004,684.4823,700.4562,798.5164,660.4858,696.4625
"C21118","Ribosylhopane","C35H60O4",544.44916062,545.4564,567.4384,583.4123,681.4725,543.4419,579.4186
"C21119","Bacteriohopanetetrol","C35H62O4",546.46481069,547.4721,569.454,585.428,683.4881,545.4575,581.4342
"C21120","Bacteriohopanetetrol-acetylglucosamine","C43H75NO9",749.544183297,750.5515,772.5334,788.5073,886.5675,748.5369,784.5136
"C21121","Bacteriohopanetetrol-glucosamine","C41H73NO8",707.533618597,708.5409,730.5228,746.4968,844.5569,706.5263,742.503
"C21122","Bacteriohopanetetrol cyclitol ether","C41H73NO8",707.533618597,708.5409,730.5228,746.4968,844.5569,706.5263,742.503
"C21123","Aminobacteriohopanetriol","C35H63NO3",545.480795097,546.4881,568.47,584.444,682.5041,544.4735,580.4502
